x,y,diameter,name
223.0,134.0,40.835842,Git
175.0,168.0,67.09575,Git
164.0,210.0,77.65116,Git
58.0,160.0,56.167175,Git
166.0,108.0,74.58126,Git
189.0,132.0,49.465103,Git
254.0,202.0,58.17337,Git
228.0,137.0,47.83299,Git
274.0,173.0,40.740005,Git
278.0,174.0,74.014656,Git
